0000.ppm,class:,#0
0001.ppm,class:,#1
0002.ppm,class:,#2
0003.ppm,class:,#3
0004.ppm,class:,#4
0005.ppm,class:,#5
0006.ppm,class:,#6
0007.ppm,class:,#7
0008.ppm,class:,#8
0009.ppm,class:,#9
0010.ppm,class:,#10
0011.ppm,class:,#11
0012.ppm,class:,#12
0013.ppm,class:,#13
0014.ppm,class:,#14
0015.ppm,class:,#15
0016.ppm,class:,#16
0017.ppm,class:,#17
0018.ppm,class:,#18
0019.ppm,class:,#19
0020.ppm,class:,#20
0021.ppm,class:,#21
0022.ppm,class:,#22
0023.ppm,class:,#23
0024.ppm,class:,#24
0025.ppm,class:,#25
0026.ppm,class:,#26
0027.ppm,class:,#27
0028.ppm,class:,#28
0029.ppm,class:,#29
0030.ppm,class:,#30
0031.ppm,class:,#31
0032.ppm,class:,#32
0033.ppm,class:,#33
0034.ppm,class:,#34
0035.ppm,class:,#35
0036.ppm,class:,#36
0037.ppm,class:,#37
0038.ppm,class:,#38
0039.ppm,class:,#39
0040.ppm,class:,#40
0041.ppm,class:,#41
0042.ppm,class:,#42
0043.ppm,class:,#43
0044.ppm,class:,#44
0045.ppm,class:,#45
0046.ppm,class:,#46
0047.ppm,class:,#47
0048.ppm,class:,#48
0049.ppm,class:,#49
0050.ppm,class:,#50
0051.ppm,class:,#51
0052.ppm,class:,#52
0053.ppm,class:,#53
0054.ppm,class:,#54
0055.ppm,class:,#55
0056.ppm,class:,#56
0057.ppm,class:,#57
0058.ppm,class:,#58
0059.ppm,class:,#59
0060.ppm,class:,#60
0061.ppm,class:,#61
